site,team_name,canonical_id
eaglepredict,ADO Den Haag,ado-den-haag
eaglepredict,AZ,az-alkmaar
eaglepredict,Academico Viseu,acad-mico-viseu
eaglepredict,Ajax,ajax
eaglepredict,Alverca,fc-alverca
eaglepredict,Angers,angers
eaglepredict,Arsenal,arsenal
eaglepredict,Aston Villa,aston-villa
eaglepredict,Atalanta,atalanta
eaglepredict,Athletic Bilbao,athletic-bilbao
eaglepredict,Atlético Madrid,atl-tico-madrid
eaglepredict,Auxerre,auxerre
eaglepredict,Barcelona,barcelona
eaglepredict,Bayer Leverkusen,bayer-leverkusen
eaglepredict,Bayern München,bayern-m-nchen
eaglepredict,Benfica,sl-benfica
eaglepredict,Betis,real-betis
eaglepredict,Bologna,bologna
eaglepredict,Borussia Dortmund,borussia-dortmund
eaglepredict,Borussia M'gladbach,borussia-m-gladbach
eaglepredict,Bournemouth,bournemouth
eaglepredict,Brentford,brentford
eaglepredict,Brest,brest
eaglepredict,Brighton,brighton
eaglepredict,CD Nacional,nacional-madeira
eaglepredict,CS Marítimo,mar-timo
eaglepredict,Cagliari,cagliari
eaglepredict,Cambuur,cambuur
eaglepredict,Casa Pia,casa-pia-ac
eaglepredict,Celta de Vigo,celta-vigo
eaglepredict,Chelsea,chelsea
eaglepredict,Como,como
eaglepredict,Coventry City,coventry
eaglepredict,Crystal Palace,crystal-palace
eaglepredict,Deportivo Alavés,deportivo-alav-s
eaglepredict,Deportivo La Coruña,deportivo-la-coru-a
eaglepredict,Eintracht Frankfurt,eintracht-frankfurt
eaglepredict,Elche CF,elche
eaglepredict,Elversberg,elversberg
eaglepredict,Espanyol,espanyol
eaglepredict,Everton,everton
eaglepredict,Excelsior,excelsior
eaglepredict,FC Arouca,fc-arouca
eaglepredict,Famalicão,fc-famalic-o
eaglepredict,Feyenoord,feyenoord
eaglepredict,Fiorentina,fiorentina
eaglepredict,Fortuna Sittard,fortuna-sittard
eaglepredict,Frosinone,frosinone
eaglepredict,Fulham,fulham
eaglepredict,GD Estoril Praia,gd-estoril
eaglepredict,Genoa,genoa
eaglepredict,Getafe,getafe
eaglepredict,Gil Vicente,gil-vicente
eaglepredict,Go Ahead Eagles,go-ahead-eagles
eaglepredict,Groningen,groningen
eaglepredict,Hamburger SV,hamburger-sv
eaglepredict,Heerenveen,heerenveen
eaglepredict,Hoffenheim,hoffenheim
eaglepredict,Hull City,hull
eaglepredict,Internazionale,inter
eaglepredict,Ipswich Town,ipswich
eaglepredict,Juventus,juventus
eaglepredict,Köln,k-ln
eaglepredict,Lazio,lazio
eaglepredict,Le Havre,le-havre
eaglepredict,Le Mans,le-mans
eaglepredict,Leeds United,leeds-united
eaglepredict,Lens,lens
eaglepredict,Levante UD,levante
eaglepredict,Lille,lille
eaglepredict,Liverpool,liverpool
eaglepredict,Lorient,lorient
eaglepredict,Lyon,lyon
eaglepredict,Mainz 05,mainz-05
eaglepredict,Manchester City,manchester-city
eaglepredict,Manchester United,manchester-united
eaglepredict,Milan,milan
eaglepredict,Monaco,monaco
eaglepredict,Monza,monza
eaglepredict,Moreirense FC,moreirense-fc
eaglepredict,Málaga CF,m-laga-cf
eaglepredict,NEC,nec
eaglepredict,Napoli,napoli
eaglepredict,Newcastle,newcastle
eaglepredict,Nice,nice
eaglepredict,Nottingham Forest,nottingham-forest
eaglepredict,Olympique Marseille,olympique-marseille
eaglepredict,Osasuna,osasuna
eaglepredict,PEC Zwolle,pec-zwolle
eaglepredict,PSG,psg
eaglepredict,PSV,psv-eindhoven
eaglepredict,Paderborn,paderborn
eaglepredict,Paris,paris-fc
eaglepredict,Parma,parma
eaglepredict,Porto,porto
eaglepredict,RB Leipzig,rb-leipzig
eaglepredict,Racing Santander,racing-santander
eaglepredict,Rayo Vallecano,rayo-vallecano
eaglepredict,Real Madrid,real-madrid
eaglepredict,Real Sociedad,real-sociedad
eaglepredict,Rennes,rennes
eaglepredict,Rio Ave FC,rio-ave
eaglepredict,Roma,roma
eaglepredict,Sassuolo,sassuolo
eaglepredict,Sevilla,sevilla
eaglepredict,Sparta Rotterdam,sparta-rotterdam
eaglepredict,Sporting Braga,sporting-braga
eaglepredict,Sporting CP,sporting-cp
eaglepredict,Strasbourg,strasbourg
eaglepredict,Stuttgart,stuttgart
eaglepredict,Sunderland,sunderland
eaglepredict,Torino,torino
eaglepredict,Tottenham,tottenham
eaglepredict,Toulouse,toulouse
eaglepredict,Troyes,troyes
eaglepredict,Twente,twente
eaglepredict,Udinese,udinese
eaglepredict,Union Berlin,union-berlin
eaglepredict,Utrecht,utrecht
eaglepredict,Valencia,valencia
eaglepredict,Venezia,venezia
eaglepredict,Villarreal,villarreal
eaglepredict,Vitória Guimarães,vit-ria
flashscore,AC Milan,milan
flashscore,AS Roma,roma
flashscore,Angers,angers
flashscore,Arsenal,arsenal
flashscore,Aston Villa,aston-villa
flashscore,Atalanta,atalanta
flashscore,Ath Bilbao,athletic-bilbao
flashscore,Atl. Madrid,atl-tico-madrid
flashscore,Augsburg,augsburg
flashscore,Auxerre,auxerre
flashscore,Barcelona,barcelona
flashscore,Bayer Leverkusen,bayer-leverkusen
flashscore,Betis,real-betis
flashscore,Bologna,bologna
flashscore,Bournemouth,bournemouth
flashscore,Brentford,brentford
flashscore,Brest,brest
flashscore,Brighton,brighton
flashscore,Cagliari,cagliari
flashscore,Celta Vigo,celta-vigo
flashscore,Chelsea,chelsea
flashscore,Como,como
flashscore,Coventry,coventry
flashscore,Crystal Palace,crystal-palace
flashscore,Dep. A Coruna,deportivo-la-coru-a
flashscore,Dortmund,dortmund
flashscore,Elche,elche
flashscore,Elversberg,elversberg
flashscore,Espanyol,espanyol
flashscore,Everton,everton
flashscore,Fiorentina,fiorentina
flashscore,Freiburg,freiburg
flashscore,Frosinone,frosinone
flashscore,Fulham,fulham
flashscore,Genoa,genoa
flashscore,Getafe,getafe
flashscore,Groningen,groningen
flashscore,Hamburger SV,hamburger-sv
flashscore,Hull,hull
flashscore,Inter,inter
flashscore,Ipswich,ipswich
flashscore,Juventus,juventus
flashscore,Lazio,lazio
flashscore,Le Havre,le-havre
flashscore,Le Mans,le-mans
flashscore,Lecce,lecce
flashscore,Leeds,leeds-united
flashscore,Lens,lens
flashscore,Levante,levante
flashscore,Lille,lille
flashscore,Liverpool,liverpool
flashscore,Lorient,lorient
flashscore,Lyon,lyon
flashscore,Mainz,mainz
flashscore,Malaga,m-laga-cf
flashscore,Manchester City,manchester-city
flashscore,Manchester Utd,manchester-united
flashscore,Marseille,marseille
flashscore,Monaco,monaco
flashscore,Monza,monza
flashscore,Napoli,napoli
flashscore,Newcastle,newcastle
flashscore,Nice,nice
flashscore,Nottingham,nottingham-forest
flashscore,Osasuna,osasuna
flashscore,PSG,psg
flashscore,Paderborn,paderborn
flashscore,Paris FC,paris-fc
flashscore,Parma,parma
flashscore,Racing Santander,racing-santander
flashscore,Real Madrid,real-madrid
flashscore,Real Sociedad,real-sociedad
flashscore,Rennes,rennes
flashscore,Sassuolo,sassuolo
flashscore,Schalke,schalke
flashscore,Sevilla,sevilla
flashscore,Sittard,sittard
flashscore,Strasbourg,strasbourg
flashscore,Sunderland,sunderland
flashscore,Torino,torino
flashscore,Tottenham,tottenham
flashscore,Toulouse,toulouse
flashscore,Troyes,troyes
flashscore,Udinese,udinese
flashscore,Valencia,valencia
flashscore,Venezia,venezia
flashscore,Villarreal,villarreal
flashscore,Werder Bremen,werder-bremen
forebet,ADO Den Haag,ado-den-haag
forebet,AZ Alkmaar,az-alkmaar
forebet,Académico Viseu,acad-mico-viseu
forebet,Ajax,ajax
forebet,Angers,angers
forebet,Arsenal,arsenal
forebet,Aston Villa,aston-villa
forebet,Atalanta,atalanta
forebet,Athletic Bilbao,athletic-bilbao
forebet,Atlético Madrid,atl-tico-madrid
forebet,Augsburg,augsburg
forebet,Auxerre,auxerre
forebet,Barcelona,barcelona
forebet,Bayer Leverkusen,bayer-leverkusen
forebet,Bayern Munich,bayern-munich
forebet,Bologna,bologna
forebet,Borussia Dortmund,borussia-dortmund
forebet,Borussia M'gladbach,borussia-m-gladbach
forebet,Bournemouth,bournemouth
forebet,Brentford,brentford
forebet,Brest,brest
forebet,Brighton,brighton
forebet,Cagliari,cagliari
forebet,Calcio Como,como
forebet,Cambuur,cambuur
forebet,Casa Pia AC,casa-pia-ac
forebet,Celta Vigo,celta-vigo
forebet,Chelsea,chelsea
forebet,Coventry City,coventry
forebet,Crystal Palace,crystal-palace
forebet,Deportivo Alavés,deportivo-alav-s
forebet,Deportivo La Coruña,deportivo-la-coru-a
forebet,Eintracht Frankfurt,eintracht-frankfurt
forebet,Elche,elche
forebet,Espanyol,espanyol
forebet,Estrela Amadora,estrela-amadora
forebet,Everton,everton
forebet,Excelsior,excelsior
forebet,FC Alverca,fc-alverca
forebet,FC Arouca,fc-arouca
forebet,FC Famalicão,fc-famalic-o
forebet,Feyenoord,feyenoord
forebet,Fiorentina,fiorentina
forebet,Fortuna Sittard,fortuna-sittard
forebet,Freiburg,freiburg
forebet,Frosinone,frosinone
forebet,Fulham,fulham
forebet,GD Estoril,gd-estoril
forebet,Genoa,genoa
forebet,Getafe,getafe
forebet,Gil Vicente,gil-vicente
forebet,Go Ahead Eagles,go-ahead-eagles
forebet,Groningen,groningen
forebet,Hamburger SV,hamburger-sv
forebet,Heerenveen,heerenveen
forebet,Hoffenheim,hoffenheim
forebet,Hull City,hull
forebet,Inter,inter
forebet,Ipswich Town,ipswich
forebet,Juventus,juventus
forebet,Köln,k-ln
forebet,Lazio,lazio
forebet,Le Havre,le-havre
forebet,Le Mans FC,le-mans
forebet,Lecce,lecce
forebet,Leeds United,leeds-united
forebet,Lens,lens
forebet,Levante,levante
forebet,Lille,lille
forebet,Liverpool,liverpool
forebet,Lorient,lorient
forebet,Lyon,lyon
forebet,Mainz,mainz
forebet,Manchester City,manchester-city
forebet,Manchester United,manchester-united
forebet,Marítimo,mar-timo
forebet,Milan,milan
forebet,Monaco,monaco
forebet,Monza,monza
forebet,Moreirense FC,moreirense-fc
forebet,Málaga CF,m-laga-cf
forebet,Nacional Madeira,nacional-madeira
forebet,Napoli,napoli
forebet,Newcastle United,newcastle
forebet,Nice,nice
forebet,Nijmegen,nijmegen
forebet,Nottingham Forest,nottingham-forest
forebet,Olympique Marseille,olympique-marseille
forebet,Osasuna,osasuna
forebet,PEC Zwolle,pec-zwolle
forebet,PSG,psg
forebet,PSV Eindhoven,psv-eindhoven
forebet,Paderborn,paderborn
forebet,Paris FC,paris-fc
forebet,Parma,parma
forebet,Porto,porto
forebet,RB Leipzig,rb-leipzig
forebet,Racing Santander,racing-santander
forebet,Rayo Vallecano,rayo-vallecano
forebet,Real Betis,real-betis
forebet,Real Madrid,real-madrid
forebet,Real Sociedad,real-sociedad
forebet,Rennes,rennes
forebet,Rio Ave,rio-ave
forebet,Roma,roma
forebet,SC Telstar,sc-telstar
forebet,SL Benfica,sl-benfica
forebet,SV Elversberg,sv-elversberg
forebet,Santa Clara,santa-clara
forebet,Sassuolo,sassuolo
forebet,Schalke 04,schalke-04
forebet,Sevilla,sevilla
forebet,Sparta Rotterdam,sparta-rotterdam
forebet,Sporting Braga,sporting-braga
forebet,Sporting CP,sporting-cp
forebet,Strasbourg,strasbourg
forebet,Stuttgart,stuttgart
forebet,Sunderland,sunderland
forebet,Torino,torino
forebet,Tottenham,tottenham
forebet,Toulouse,toulouse
forebet,Troyes,troyes
forebet,Twente,twente
forebet,Udinese,udinese
forebet,Union Berlin,union-berlin
forebet,Utrecht,utrecht
forebet,Valencia,valencia
forebet,Venezia,venezia
forebet,Villarreal,villarreal
forebet,Vitória,vit-ria
forebet,Werder Bremen,werder-bremen
forebet,Willem II Tilburg,willem-ii-tilburg
forebet,Wolfsburg,wolfsburg
sportsgambler,AC Milan,milan
sportsgambler,AZ Alkmaar,az-alkmaar
sportsgambler,Alavés,alav-s
sportsgambler,Alverca,fc-alverca
sportsgambler,Angers,angers
sportsgambler,Arouca,fc-arouca
sportsgambler,Aston Villa,aston-villa
sportsgambler,Atalanta,atalanta
sportsgambler,Athletic Club,athletic-bilbao
sportsgambler,Atlético Madrid,atl-tico-madrid
sportsgambler,Auxerre,auxerre
sportsgambler,Barcelona,barcelona
sportsgambler,Bayern Munich,bayern-munich
sportsgambler,Bologna,bologna
sportsgambler,Bournemouth,bournemouth
sportsgambler,Brentford,brentford
sportsgambler,Brighton,brighton
sportsgambler,Cagliari,cagliari
sportsgambler,Casa Pia,casa-pia-ac
sportsgambler,Celta Vigo,celta-vigo
sportsgambler,Chelsea,chelsea
sportsgambler,Como,como
sportsgambler,Crystal Palace,crystal-palace
sportsgambler,Deportivo,deportivo-la-coru-a
sportsgambler,Elche,elche
sportsgambler,Espanyol,espanyol
sportsgambler,Estoril,gd-estoril
sportsgambler,Everton,everton
sportsgambler,FC Groningen,groningen
sportsgambler,FC Utrecht,utrecht
sportsgambler,Famalicão,fc-famalic-o
sportsgambler,Fiorentina,fiorentina
sportsgambler,Fortuna Sittard,fortuna-sittard
sportsgambler,Frosinone,frosinone
sportsgambler,Fulham,fulham
sportsgambler,Genoa,genoa
sportsgambler,Getafe,getafe
sportsgambler,Gil Vicente,gil-vicente
sportsgambler,Heerenveen,heerenveen
sportsgambler,Hull,hull
sportsgambler,Inter Milan,inter
sportsgambler,Ipswich,ipswich
sportsgambler,Juventus,juventus
sportsgambler,Lazio,lazio
sportsgambler,Le Havre,le-havre
sportsgambler,Lecce,lecce
sportsgambler,Leeds,leeds-united
sportsgambler,Lens,lens
sportsgambler,Levante,levante
sportsgambler,Lille,lille
sportsgambler,Liverpool,liverpool
sportsgambler,Lorient,lorient
sportsgambler,Lyon,lyon
sportsgambler,Manchester City,manchester-city
sportsgambler,Manchester United,manchester-united
sportsgambler,Monaco,monaco
sportsgambler,Monza,monza
sportsgambler,Málaga,m-laga-cf
sportsgambler,Nacional,nacional-madeira
sportsgambler,Napoli,napoli
sportsgambler,Newcastle,newcastle
sportsgambler,Nice,nice
sportsgambler,Nottingham Forest,nottingham-forest
sportsgambler,Osasuna,osasuna
sportsgambler,PEC Zwolle,pec-zwolle
sportsgambler,PSG,psg
sportsgambler,PSV Eindhoven,psv-eindhoven
sportsgambler,Parma,parma
sportsgambler,Porto,porto
sportsgambler,Racing Club,racing-santander
sportsgambler,Real Betis,real-betis
sportsgambler,Real Madrid,real-madrid
sportsgambler,Real Sociedad,real-sociedad
sportsgambler,Rennes,rennes
sportsgambler,Rio Ave,rio-ave
sportsgambler,Roma,roma
sportsgambler,Santa Clara,santa-clara
sportsgambler,Sassuolo,sassuolo
sportsgambler,Sevilla,sevilla
sportsgambler,Sparta Rotterdam,sparta-rotterdam
sportsgambler,Sporting,sporting-cp
sportsgambler,Stuttgart,stuttgart
sportsgambler,Sunderland,sunderland
sportsgambler,Torino,torino
sportsgambler,Tottenham,tottenham
sportsgambler,Toulouse,toulouse
sportsgambler,Udinese,udinese
sportsgambler,Valencia,valencia
sportsgambler,Venezia,venezia
sportsgambler,Villarreal,villarreal
sportsgambler,Vitória,vit-ria
sportytrader,AC Milan,milan
sportytrader,ADO The Hague,ado-den-haag
sportytrader,AZ Alkmaar,az-alkmaar
sportytrader,Academico De Viseu FC,acad-mico-viseu
sportytrader,Aston Villa,aston-villa
sportytrader,Atalanta,atalanta
sportytrader,Atletico Madrid,atl-tico-madrid
sportytrader,Auxerre,auxerre
sportytrader,Barcelona,barcelona
sportytrader,Betis,real-betis
sportytrader,Bologna,bologna
sportytrader,Bournemouth,bournemouth
sportytrader,Brentford,brentford
sportytrader,Brest,brest
sportytrader,Brighton,brighton
sportytrader,Cagliari,cagliari
sportytrader,Cambuur,cambuur
sportytrader,Casa Pia Lisbon,casa-pia-ac
sportytrader,Chelsea,chelsea
sportytrader,Como 1907,como
sportytrader,Crystal Palace,crystal-palace
sportytrader,Elche,elche
sportytrader,Estoril,gd-estoril
sportytrader,Everton,everton
sportytrader,Famalicao,fc-famalic-o
sportytrader,Feyenoord,feyenoord
sportytrader,Fiorentina,fiorentina
sportytrader,Fortuna Sittard,fortuna-sittard
sportytrader,Fulham,fulham
sportytrader,Genoa,genoa
sportytrader,Getafe,getafe
sportytrader,Gil Vicente,gil-vicente
sportytrader,Go Ahead Eagles,go-ahead-eagles
sportytrader,Groningen,groningen
sportytrader,Heerenveen,heerenveen
sportytrader,Inter Milan,inter
sportytrader,Ipswich Town,ipswich
sportytrader,La Coruna,deportivo-la-coru-a
sportytrader,Lazio,lazio
sportytrader,Le Havre,le-havre
sportytrader,Le Mans FC,le-mans
sportytrader,Lecce,lecce
sportytrader,Leeds,leeds-united
sportytrader,Lens,lens
sportytrader,Levante,levante
sportytrader,Liverpool,liverpool
sportytrader,Lorient,lorient
sportytrader,Lyon,lyon
sportytrader,Manchester City,manchester-city
sportytrader,Maritimo,mar-timo
sportytrader,Monaco,monaco
sportytrader,Monza,monza
sportytrader,Málaga,m-laga-cf
sportytrader,Nacional Madeira,nacional-madeira
sportytrader,Napoli,napoli
sportytrader,Newcastle,newcastle
sportytrader,Nice,nice
sportytrader,Nottingham Forest,nottingham-forest
sportytrader,Osasuna,osasuna
sportytrader,PSV Eindhoven,psv-eindhoven
sportytrader,Paris FC,paris-fc
sportytrader,Parma,parma
sportytrader,Racing Santander,racing-santander
sportytrader,Rio Ave,rio-ave
sportytrader,Roma,roma
sportytrader,Santa Clara,santa-clara
sportytrader,Sassuolo,sassuolo
sportytrader,Sparta Rotterdam,sparta-rotterdam
sportytrader,Sunderland,sunderland
sportytrader,Torino FC,torino
sportytrader,Tottenham,tottenham
sportytrader,Toulouse,toulouse
sportytrader,Troyes,troyes
sportytrader,Udinese,udinese
sportytrader,Utrecht,utrecht
sportytrader,Valencia,valencia
sportytrader,Venezia,venezia
sportytrader,Villarreal,villarreal
sportytrader,Vitoria SC Guimaraes,vit-ria
sportytrader,Zwolle,pec-zwolle
whoscored,AC Milan,milan
whoscored,ADO Den Haag,ado-den-haag
whoscored,AZ Alkmaar,az-alkmaar
whoscored,Academico Viseu,acad-mico-viseu
whoscored,Ajax,ajax
whoscored,Alverca,fc-alverca
whoscored,Angers,angers
whoscored,Arouca,fc-arouca
whoscored,Arsenal,arsenal
whoscored,Aston Villa,aston-villa
whoscored,Atalanta,atalanta
whoscored,Athletic Club,athletic-bilbao
whoscored,Atletico Madrid,atl-tico-madrid
whoscored,Auxerre,auxerre
whoscored,Barcelona,barcelona
whoscored,Benfica,sl-benfica
whoscored,Bologna,bologna
whoscored,Bournemouth,bournemouth
whoscored,Braga,sporting-braga
whoscored,Brentford,brentford
whoscored,Brest,brest
whoscored,Brighton,brighton
whoscored,Cagliari,cagliari
whoscored,Cambuur,cambuur
whoscored,Casa Pia AC,casa-pia-ac
whoscored,Celta Vigo,celta-vigo
whoscored,Chelsea,chelsea
whoscored,Como,como
whoscored,Coventry,coventry
whoscored,Crystal Palace,crystal-palace
whoscored,Deportivo Alaves,deportivo-alav-s
whoscored,Deportivo de A Coruna,deportivo-la-coru-a
whoscored,Elche,elche
whoscored,Espanyol,espanyol
whoscored,Estoril,gd-estoril
whoscored,Estrela da Amadora,estrela-amadora
whoscored,Everton,everton
whoscored,Excelsior,excelsior
whoscored,FC Groningen,groningen
whoscored,FC Porto,porto
whoscored,FC Utrecht,utrecht
whoscored,Famalicao,fc-famalic-o
whoscored,Feyenoord,feyenoord
whoscored,Fiorentina,fiorentina
whoscored,Fortuna Sittard,fortuna-sittard
whoscored,Frosinone,frosinone
whoscored,Fulham,fulham
whoscored,Genoa,genoa
whoscored,Getafe,getafe
whoscored,Gil Vicente,gil-vicente
whoscored,Go Ahead Eagles,go-ahead-eagles
whoscored,Hull,hull
whoscored,Inter,inter
whoscored,Ipswich,ipswich
whoscored,Juventus,juventus
whoscored,Lazio,lazio
whoscored,Le Havre,le-havre
whoscored,Le Mans,le-mans
whoscored,Lecce,lecce
whoscored,Leeds,leeds-united
whoscored,Lens,lens
whoscored,Levante,levante
whoscored,Lille,lille
whoscored,Liverpool,liverpool
whoscored,Lorient,lorient
whoscored,Lyon,lyon
whoscored,Malaga,m-laga-cf
whoscored,Manchester City,manchester-city
whoscored,Manchester United,manchester-united
whoscored,Maritimo,mar-timo
whoscored,Marseille,marseille
whoscored,Monaco,monaco
whoscored,Monza,monza
whoscored,Moreirense,moreirense-fc
whoscored,NEC Nijmegen,nijmegen
whoscored,Nacional,nacional-madeira
whoscored,Napoli,napoli
whoscored,Newcastle,newcastle
whoscored,Nice,nice
whoscored,Nottingham,nottingham-forest
whoscored,Nottingham Forest,nottingham-forest
whoscored,PEC Zwolle,pec-zwolle
whoscored,PSV Eindhoven,psv-eindhoven
whoscored,Paris FC,paris-fc
whoscored,Paris Saint-Germain,psg
whoscored,Parma Calcio 1913,parma
whoscored,Racing Santander,racing-santander
whoscored,Rayo Vallecano,rayo-vallecano
whoscored,Real Betis,real-betis
whoscored,Real Madrid,real-madrid
whoscored,Real Sociedad,real-sociedad
whoscored,Rennes,rennes
whoscored,Rio Ave,rio-ave
whoscored,Roma,roma
whoscored,SC Heerenveen,heerenveen
whoscored,Santa Clara,santa-clara
whoscored,Sassuolo,sassuolo
whoscored,Sevilla,sevilla
whoscored,Sparta Rotterdam,sparta-rotterdam
whoscored,Sporting CP,sporting-cp
whoscored,Strasbourg,strasbourg
whoscored,Sunderland,sunderland
whoscored,Telstar,sc-telstar
whoscored,Torino,torino
whoscored,Tottenham,tottenham
whoscored,Toulouse,toulouse
whoscored,Troyes,troyes
whoscored,Twente,twente
whoscored,Udinese,udinese
whoscored,Valencia,valencia
whoscored,Venezia,venezia
whoscored,Villarreal,villarreal
whoscored,Vitoria de Guimaraes,vit-ria
whoscored,Willem II,willem-ii-tilburg
